{
  "meta": {
    "type": "schemas"
  },
  "objects": [
    {
      "object": {"id":"523b1b3ee5bde5571b009529","name":"users","createdAt":"2013-09-19T15:41:50.064Z","updatedAt":"2013-09-19T15:50:14.728Z","properties":[],"internalProperties":[{"id":null,"indexed":true,"name":"objectType","onCreate":null,"processors":[],"target":null,"type":"string"},{"id":null,"indexed":true,"name":"createdAt","onCreate":null,"processors":[],"target":null,"type":"time"},{"id":null,"indexed":true,"name":"updatedAt","onCreate":null,"processors":[],"target":null,"type":"time"},{"id":null,"indexed":true,"name":"username","onCreate":null,"processors":[],"target":null,"type":"string"},{"id":null,"indexed":true,"name":"email","onCreate":null,"processors":[],"target":null,"type":"string"},{"id":null,"indexed":true,"name":"firstName","onCreate":null,"processors":[],"target":null,"type":"string"},{"id":null,"indexed":true,"name":"lastName","onCreate":null,"processors":[],"target":null,"type":"string"},{"id":null,"indexed":true,"name":"id","onCreate":null,"processors":[],"target":null,"type":"objectid"}],"validators":[],"accessControlList":{"read":[{"id":"*","objectType":"aclSubject"}],"create":[{"id":"*","objectType":"aclSubject"}]},"accessControlListTemplate":{"read":[{"id":"*","objectType":"aclSubject"}],"update":[],"delete":[],"admin":[{"id":"creator","objectType":"aclSubject"}]}}
},
    {
"object": {"id":"523b1b3ee5bde5571b009538","name":"usergroups","createdAt":"2013-09-19T15:41:50.321Z","updatedAt":"2013-09-19T15:50:14.810Z","properties":[],"internalProperties":[{"id":null,"indexed":true,"name":"objectType","onCreate":null,"processors":[],"target":null,"type":"string"},{"id":null,"indexed":true,"name":"createdAt","onCreate":null,"processors":[],"target":null,"type":"time"},{"id":null,"indexed":true,"name":"updatedAt","onCreate":null,"processors":[],"target":null,"type":"time"},{"id":null,"indexed":true,"name":"name","onCreate":null,"processors":[],"target":null,"type":"string"},{"id":null,"indexed":true,"name":"creator","objectType":"users","onCreate":null,"processors":[],"target":null,"type":"ref"},{"id":null,"indexed":true,"name":"updater","objectType":"users","onCreate":null,"processors":[],"target":null,"type":"ref"},{"id":null,"indexed":true,"name":"id","onCreate":null,"processors":[],"target":null,"type":"objectid"}],"validators":[],"accessControlList":{"read":[],"create":[]},"accessControlListTemplate":{"read":[{"id":"*","objectType":"aclSubject"}],"update":[],"delete":[],"admin":[{"id":"creator","objectType":"aclSubject"}]}}
},
    {
"object": {"id":"523b1d36e5bde557170092a1","name":"objects.boards","createdAt":"2013-09-19T15:50:15.031Z","updatedAt":"2013-09-20T13:15:24.799Z","properties":[{"id":null,"indexed":false,"name":"include","onCreate":null,"processors":[],"target":null,"type":"hash"},{"id":null,"indexed":false,"name":"name","onCreate":{"accessControlList":"schema","id":"523b24125a3d8b72a90088a9"},"processors":[],"target":{"id":"523b24125a3d8b72a90088a8","onDelete":null},"type":"string"}],"internalProperties":[{"id":null,"indexed":true,"name":"objectType","onCreate":null,"processors":[],"target":null,"type":"string"},{"id":null,"indexed":true,"name":"createdAt","onCreate":null,"processors":[],"target":null,"type":"time"},{"id":null,"indexed":true,"name":"updatedAt","onCreate":null,"processors":[],"target":null,"type":"time"},{"id":null,"indexed":true,"name":"creator","objectType":"users","onCreate":null,"processors":[],"target":null,"type":"ref"},{"id":null,"indexed":true,"name":"updater","objectType":"users","onCreate":null,"processors":[],"target":null,"type":"ref"},{"id":null,"indexed":true,"name":"id","onCreate":null,"processors":[],"target":null,"type":"objectid"}],"validators":[{"id":"516be80533791378fc000359","name":"name.required","options":{"message":"is required"},"property":"name","type":"required"}],"accessControlList":{"read":[{"id":"*","objectType":"aclSubject"}],"create":[{"id":"*","objectType":"aclSubject"}]},"accessControlListTemplate":{"read":[{"id":"creator","objectType":"aclSubject"}],"update":[],"delete":[],"admin":[{"id":"creator","objectType":"aclSubject"}]}}
},
    {
"object": {"id":"523b1d36e5bde557170092ae","name":"objects.todos","createdAt":"2013-09-19T15:50:15.309Z","updatedAt":"2013-09-20T14:19:56.840Z","properties":[{"id":null,"indexed":false,"name":"completed","onCreate":null,"processors":[],"target":null,"type":"boolean"},{"id":null,"indexed":false,"name":"title","onCreate":{"accessControlList":"schema","id":"523c4afd698b3c442001391d"},"processors":[],"target":{"id":"523c4afd698b3c442001391c","onDelete":null},"type":"string"},{"id":null,"indexed":false,"name":"done","onCreate":{"accessControlList":"schema","id":"523c4afd698b3c442001391f"},"processors":[],"target":{"id":"523c4afd698b3c442001391e","onDelete":null},"type":"boolean"},{"id":null,"indexed":true,"name":"board","objectType":"objects.boards","onCreate":{"accessControlList":"extend","id":"523c4afd698b3c4420013922"},"processors":[],"target":{"id":"523c4afd698b3c4420013942","onDelete":{"dependency":"deleteObject","id":"523c4afd698b3c4420013921"}},"type":"ref"}],"internalProperties":[{"id":null,"indexed":true,"name":"objectType","onCreate":null,"processors":[],"target":null,"type":"string"},{"id":null,"indexed":true,"name":"createdAt","onCreate":null,"processors":[],"target":null,"type":"time"},{"id":null,"indexed":true,"name":"updatedAt","onCreate":null,"processors":[],"target":null,"type":"time"},{"id":null,"indexed":true,"name":"creator","objectType":"users","onCreate":null,"processors":[],"target":null,"type":"ref"},{"id":null,"indexed":true,"name":"updater","objectType":"users","onCreate":null,"processors":[],"target":null,"type":"ref"},{"id":null,"indexed":true,"name":"id","onCreate":null,"processors":[],"target":null,"type":"objectid"}],"validators":[{"id":"516be8c2dd06d42672000351","name":"title.required","options":{"message":"is required"},"property":"title","type":"required"},{"id":"516e58a333791317af000501","name":"board.required","options":{"message":"is required"},"property":"board","type":"required"},{"id":"516e5a86dd06d44899000526","name":"done.required","options":{"message":"is required"},"property":"done","type":"required"}],"accessControlList":{"read":[{"id":"*","objectType":"aclSubject"}],"create":[{"id":"*","objectType":"aclSubject"}]},"accessControlListTemplate":{"read":[],"update":[],"delete":[],"admin":[]}}
}
  ]
}